{
  "totalCompanies": 718,
  "companiesReachedByPaid": 3475,
  "companiesReachedByOutbound": 2253,
  "companiesInCRM": 2062,
  "influencedCount": 257,
  "influencedWithDevis": 152,
  "influencedWithWon": 81,
  "influencedPipeline": 328636.3,
  "influencedRevenue": 4131127.38,
  "totalAdSpend": 14889.214729978159,
  "pipelineEfficiency": 22.072104268757634,
  "roas": 277.4577071336293,
  "funnel": {
    "reached": 5434,
    "inCRM": 257,
    "withDevis": 152,
    "won": 81
  }
}